<odoo>
    <data>
        <!--Normal Template Preview-->
        <template id="report_preview_normal">
            <t t-call="web.html_preview_container">
                <t t-call="web.external_layout">
                    <div class="pt-5">
                        <div class="pull-right">
                            <div name="address" class="col-md-5 ml-auto">
                                <address>
                                    <address class="mb-0" itemscope="itemscope"
                                             itemtype="http://schema.org/Organization">
                                    </address>
                                </address>
                            </div>
                        </div>
                    </div>
                    <table class="table table-borderless"
                           style="padding-top:20px;width:100%">
                        <tr>
                            <th t-attf-style=" background-color:#{company.document_layout_id.base_color};color:#{company.document_layout_id.heading_text_color};">
                                Customer Address
                            </th>

                            <th t-attf-style=" background-color:#{company.document_layout_id.base_color};color:#{company.document_layout_id.heading_text_color};">
                                Invoice Date
                            </th>
                            <th t-attf-style=" background-color:#{company.document_layout_id.base_color};color:#{company.document_layout_id.heading_text_color};">
                                Due Date
                            </th>
                            <th t-attf-style=" background-color:#{company.document_layout_id.base_color};color:#{company.document_layout_id.heading_text_color};">
                                Sales Person
                            </th>
                        </tr>
                        <tr>
                            <td>
                                Gemini Furniture
                                <br/>
                                317 Fairchild Dr
                                <br/>
                                Fairfield
                                <br/>
                                United States
                                <br/>
                            </td>
                            <td>
                                <font>
                                    <p class="m-0">07/08/2021</p>
                                </font>
                            </td>
                            <td>
                                <font>
                                    <p class="m-0">08/08/2021</p>
                                </font>
                            </td>
                            <td>
                                <font>
                                    <p class="m-0">Mitchell admin</p>
                                </font>
                            </td>
                        </tr>
                    </table>
                    <div class="page" style="text-align: center">
                        <h2>
                            <span>Invoice</span>
                            <span>INV/2021/07/0003</span>
                        </h2>
                    </div>
                    <div style="padding-top:20px;width:100%">
                        <div style="padding-top:20px;"/>
                        <table class="table table">
                            <thead>
                                <tr>
                                    <th t-attf-style=" background-color:#{company.document_layout_id.base_color};color:#{company.document_layout_id.heading_text_color};">
                                        Product
                                    </th>
                                    <th t-attf-style=" background-color:#{company.document_layout_id.base_color};color:#{company.document_layout_id.heading_text_color};">
                                        Description
                                    </th>
                                    <th t-attf-style=" background-color:#{company.document_layout_id.base_color};color:#{company.document_layout_id.heading_text_color};">
                                        Quantity
                                    </th>
                                    <th t-attf-style=" background-color:#{company.document_layout_id.base_color};color:#{company.document_layout_id.heading_text_color};">
                                        Unit Price
                                    </th>
                                    <th t-attf-style=" background-color:#{company.document_layout_id.base_color};color:#{company.document_layout_id.heading_text_color};">
                                        Taxes
                                    </th>
                                    <th t-attf-style=" background-color:#{company.document_layout_id.base_color};color:#{company.document_layout_id.heading_text_color};">
                                        Price
                                    </th>
                                </tr>
                            </thead>
                            <tbody class="invoice_tbody">
                                <tr>
                                    <td name="account_invoice_line_pro">
                                        Three-Seat Sofa
                                    </td>
                                    <td name="account_invoice_line_name">
                                        <span>[FURN_8999] Three-Seat Sofa
                                            <br/>
                                            Three Seater Sofa with Lounger in
                                            Steel Grey Colour
                                        </span>
                                    </td>
                                    <td class="text-right">
                                        <span>5.000</span>
                                    </td>
                                    <td class="text-right d-none d-md-table-cell">
                                        <span class="text-nowrap">1,500.00
                                        </span>
                                    </td>
                                    <td class="text-left d-none d-md-table-cell">
                                        <span id="line_tax_ids">15.00%</span>
                                    </td>
                                    <td class="text-right o_price_total">
                                        <span class="text-nowrap">$
                                            <span class="oe_currency_value">
                                                7,500.00
                                            </span>
                                        </span>
                                    </td>
                                </tr>
                                <tr>
                                    <td name="account_invoice_line_name">
                                        <span>Four Person Desk
                                        </span>
                                    </td>
                                    <td name="account_invoice_line_name_des">
                                        <span>[FURN_8220] Four Person Desk
                                            <br/>
                                            Four person modern office
                                            workstation
                                        </span>
                                    </td>
                                    <td class="text-right">
                                        <span>5.000</span>
                                    </td>
                                    <td class="text-right d-none d-md-table-cell">
                                        <span class="text-nowrap">23,500.00
                                        </span>
                                    </td>
                                    <td class="text-left d-none d-md-table-cell">
                                        <span id="line_tax_ids">15.00%</span>
                                    </td>
                                    <td class="text-right o_price_total">
                                        <span class="text-nowrap">$
                                            <span class="oe_currency_value">
                                                117,500.00
                                            </span>
                                        </span>
                                    </td>
                                </tr>
                            </tbody>
                        </table>
                    </div>
                    <div>
                        <div class="clearfix mb-4" style="margin-left:auto;">
                            <div id="total" class="row">
                                <div class="col-sm-7 col-md-6 ms-auto">
                                    <table class="table table-sm"
                                           style="page-break-inside: avoid;">
                                        <tbody>
                                            <tr class="border-black o_subtotal"
                                                style="">
                                                <td>
                                                    <strong>Subtotal</strong>
                                                </td>
                                                <td class="text-right">
                                                    <span>$
                                                        <span class="oe_currency_value">
                                                            125,000.00
                                                        </span>
                                                    </span>
                                                </td>
                                            </tr>
                                            <tr style="">
                                                <td>
                                                    <span class="text-nowrap">
                                                        Tax 15%
                                                    </span>
                                                </td>
                                                <td class="text-right o_price_total">
                                                    <span class="text-nowrap">$
                                                        18,750.00
                                                    </span>
                                                </td>
                                            </tr>
                                            <tr class="border-black o_total">
                                                <td>
                                                    <strong>Total</strong>
                                                </td>
                                                <td class="text-right">
                                                    <span class="text-nowrap">$
                                                        <span class="oe_currency_value">
                                                            143,750.00
                                                        </span>
                                                    </span>
                                                </td>
                                            </tr>
                                        </tbody>
                                    </table>
                                </div>
                            </div>
                        </div>
                        <p>
                            Please use the following communication for your
                            payment :
                            <b>
                                <span>
                                    INV/2021/07/0003
                                </span>
                            </b>
                        </p>
                        <p name="payment_term">
                            <span>Payment terms: 30 Days</span>
                        </p>
                    </div>
                </t>
            </t>
        </template>
    </data>
</odoo>
